Name,Age,City,Salary
Omar Moore,51,Port Scottshire,33942
Justin Newman II,46,Brownfort,36430
Anthony Bruce,21,Wallaceburgh,83767
Edward Freeman,49,Calhounmouth,65998
Dennis Brooks,31,Clarkborough,63839
Nicholas James,61,Rebeccaport,52496
Kenneth Taylor,35,North Sarahfurt,58564
Adriana Cochran,37,Lake Paulaland,72012
Lisa Davis,55,New Jacobburgh,52326
Christian Acevedo,48,New John,35820
Patrick Smith,36,Port Megan,83529
Leslie Foley,26,Sarahville,48629
Stacie Taylor,56,South Juliefurt,61990
Lori Arellano,28,East Matthew,81204
William Cohen,28,Port Karenmouth,77370
Elizabeth Diaz,19,Stephaniefort,62964
Leslie Hamilton,34,Lake Pamelamouth,81560
Joshua Burns,45,Lake Ashley,85002
Kimberly Cook,64,South Mariamouth,75072
Anthony Knox,24,New Angelaborough,40426
Kathleen Wright,41,Gonzalezborough,82627
Brandi Jones,59,North Walterhaven,85268
Jordan Le,49,Nicoleside,54356
Chelsey Montgomery,43,Lake Deannatown,40204
Mitchell Byrd,24,Jerryfort,64788
Michael Ball,25,Amyshire,87472
Courtney Mitchell,60,East Emilyville,48535
Jordan Jones Jr.,22,Williamberg,44154
Dylan Smith,53,South Michaeltown,44267
Carlos Garcia,61,New Traceyburgh,57975
Evelyn Kennedy,57,East Mariaside,63697
Sylvia Bryant,54,Charlesstad,68866
Christina Hamilton,52,South Carlachester,74751
Ryan Taylor,47,Waltersbury,55997
Jennifer Chan,28,Heathermouth,69386
Carla Martin,42,Brendanmouth,64147
Thomas Garcia MD,36,Port Paul,65104
Jacqueline Sellers,41,South Josephstad,59483
Laura Mitchell,60,Brooksside,59365
Gwendolyn Massey,51,Fisherfort,45487
Marilyn Fletcher,20,North Justin,58528
Christy Davis,41,East Rogermouth,30430
Nicholas Ferguson,27,West Shannon,40825
Kristin Cooper,38,Tammyside,70093
Stephanie Vance,62,South Josephmouth,38624
Stephanie Arnold,40,Pearsonborough,67494
Tanner Gilbert,23,West Steveberg,84922
Troy Jones,43,Marthaview,78975
Marc Velazquez,36,Lake Johnland,63516
Bryan Walls,54,Chapmanburgh,88212
Sara Mercer,29,Hobbsmouth,65271
Robert Logan,28,East Donnafort,87459
Michael Young,51,West Joshuatown,66157
Anna Bennett,44,East Jaimestad,61355
Steven Lopez,22,Matthewfort,39869
Jessica Gibson,35,Candiceburgh,69534
Daniel Garcia,33,Gabrielaland,75940
Michael Lopez DDS,42,Lake Melaniemouth,35812
David Mcdaniel,35,Lake Danielhaven,74545
Tonya Cannon,65,Lambertfurt,44826
Peter Johnson,60,Robertsonborough,57035
Cody Austin,60,Brownhaven,33570
Timothy May,63,Corymouth,42552
Randy Sullivan,24,Jasonville,59596
Emily English,50,West Gregoryfort,53903
Laura Hall,51,Lake Williamstad,42601
Brittany Cowan,40,Louistown,85598
Ashley Smith,21,Hollandshire,66710
Timothy Berger,61,North Edwin,47123
Glenn Taylor,18,East Dwayne,52152
Mark Rojas,61,North Gwendolyn,34722
Mrs. Elizabeth Mcclain,59,Whiteheadland,75179
Jennifer Williamson,36,North Nicholas,31051
Brittney Brown,54,West Ashleyton,38834
Jill Baker,60,New Melissa,70484
Beverly Moore,52,South Alexander,40413
Erin Burke,49,New Larryshire,50541
Jonathan Hudson,40,Rickychester,52086
Richard Brady,57,Lake William,61477
Kara Miller,37,Kimberlyton,70331
Daniel Smith,62,East Kelli,56349
Erica Rhodes,24,Lake Katelynfort,78258
Ernest Thompson,51,Higginston,53337
Allen Lucas,20,Kevinfort,73606
Aaron Reyes,44,Debrashire,51259
Tina Barker,65,North Gabriella,71074
Cindy Gonzalez,65,Annefurt,54598
Amy Smith,21,Hoffmanborough,80725
Marie Holden,65,North Samuelburgh,49909
Amy Lyons,27,Lorimouth,47330
Kathryn Rice,49,Kimberlyview,58303
Jason Williams,55,Michaeltown,42846
Eugene May,64,Davidmouth,50815
Russell Glenn,51,Ernestshire,71287
Natasha Valdez,52,Jessicaton,73566
Timothy Yang,52,Kennethberg,54757
Eric Lane,28,Ashleyberg,80068
Joseph Thompson,43,Andrewport,46891
Joel Cox,36,Meganstad,79236
David Howard,22,Port Justin,57081
